 ,,,,,,,,,,,,,,,,,
,,Menu List,,,,,,,,Pairing List,,,,,,,
,,구분,명칭,,설명,비고,,No.,컬러,타입명,타입 설명,음료,푸드,성향 키워드,젬스 QR,예시; 체험자 성향 분석 (지향가치),페어링 포인트
,,음료,1,Negroni,"진의 기분 좋은 허브의 향과 캄파리의 쌉싸름함, 스위버무스의 단맛의 달콤 쌉싸름한 균형을 자랑하는 클래식 칵테일",칵테일 / red,,1,red,Bold Creator,"남다른 시도로 새로운 가치를 만들고, 깊이 있는 전략으로 시장을 이끄는 마케터.",Negroni,코랄 소스의 랍스터 테일,#도전 #전략적 #리더십,,OOO님은 익숙함을 벗어나 미지의 영역에서 새로운 가치를 발견하는 모험적 도전을 통해 성장과 리더십을 추구하시는 분이시군요! '쉽지 않은 길이라도 진정한 가치라면 기꺼이 나선다'는 확고한 철학이 돋보입니다.,"OOO님은 '진정한 가치는 겉으로 드러나는 편안함보다 깊은 곳에 있다'고 믿으시며, 이를 위해 도전을 마다하지 않는 분이시기에, 네그로니의 복합적인 쓴맛과 랍스터의 풍부하고 진한 맛이 만나 최상의 미식 경험을 선사하는 이 조합은 완벽합니다. OOO님께서 마케팅에서도 겉만 번지르르한 메시지보다, 깊이 있는 가치를 탐구하여 고객에게 진정한 만족을 주는 전략적인 접근으로 시장을 리더십 있게 이끄시는 깊이 있는 모습과 닮아있습니다."
,,,2,Grapefruit Blossom,"부드럽고 달콤한 망고 크림이 열대 과일 베이스 목테일과 연결되며, 에너지 넘치고 유쾌한 분위기를 극대화합니다.",목테일 / red,,2,red,Unexpected Innovator,"틀을 깨는 아이디어로 고객에게 놀라움을 선사하고, 늘 새로운 변화를 시도하는 마케터.",Negroni,파가든 브리오쉬 한우 버거,#열정 #변주 #모험적,,OOO님은 예상 밖의 조합에서 오는 반전 매력에 대한 열정을 통해 끊임없이 새로운 변주를 시도하며 모험적인 즐거움을 추구하시는 분이시군요! '틀에 박힌 것보다 신선한 충격이 더 큰 감동을 준다'는 믿음이 느껴집니다.,예상 밖의 조합에서 오는 반전 매력에 대한 열정이 남다르시며 끊임없이 새로운 변주를 시도하는 모험적인 태도를 즐기시는 OOO님께 네그로니의 쌉쌀함과 한우 버거의 육즙 가득한 풍미가 만나 새로운 차원의 '어반 다이닝' 경험을 선사하는 이 조합을 추천합니다. OOO님께서 마케팅에서도 익숙한 프레임을 벗어나 혁신적인 아이디어로 시장에 신선한 충격을 주는 데 탁월한 재능을 보이시는 것과 이 조화가 당신과 닮아있어요.
,,,3,Fuzzy Navel,달콤하고 부드러운 복숭아 향과 상큼한 오렌지의 낮은 도수로 부담 없이 즐길 수 있는 달콤한 칵테일,칵테일 / yellow,,3,red,Future Seeker ,"시대의 흐름을 꿰뚫어 보고, 자신만의 방식으로 새로운 유행을 만들어가는 마케터.",Negroni,아보카도 리코타 치즈 토스트,#전략적 #넓은시야 #영감,,"OOO님은 '변화하는 시대의 흐름을 읽고, 자신만의 넓은 시야로 재해석하는 전략적 통찰력을 통해 새로운 영감을 얻는 삶의 가치를 지향하시는군요! '트렌드를 쫓기보다, 트렌드를 만들어간다'는 선구자적 면모가 돋보입니다.",변화하는 시대의 흐름을 읽고 자신만의 넓은시야로 재해석하는 전략적 통찰력을 통해 새로운 영감을 얻으시는 OOO님께 건강과 가벼움을 추구하는 아보카도 토스트에 네그로니의 강렬함을 더해 '웰빙 속의 강렬한 미학'을 제안하는 이 조합을 추천합니다. OOO님은 마케팅에서도 트렌드를 단순히 쫓기보다 자신만의 독창적인 해석을 덧붙여 새로운 가치를 창출해내시는 분이시기에 이 조화가 당신과 닮아있습니다.
,,,4,Surbin Burst,"오렌지의 상큼함 , 파인애플의 달콤함, 레몬주의의 새콤함, 3가지 재료가 한 잔에 응축된 비타민 폭발 목테일",목테일 / yellow,,4,red,Experience Architect,"고객의 오감을 사로잡는 디테일로, 상품을 넘어 완벽한 경험을 디자인하는 마케터.",Grapefruit Blossom,망고 크림 새우,#조화 #섬세함 #소통,,"OOO님은 오감을 자극하는 감각적인 경험을 조화롭게 디자인하는 데 탁월한 섬세함을 지향하시는 분이시군요! '아름다움은 디테일에서 완성되며, 그 아름다움을 소통하는 것'이 중요하다고 믿는 분이십니다.",오감을 자극하는 감각적인 경험을 조화롭게 디자인하는 데 탁월한 섬세함을 지니신 OOO님께 자몽 블라썸의 시원한 청량감과 망고 크림 새우의 달콤 부드러움이 시각적 아름다움까지 더해져 '오감 만족'을 선사하는 이 조합을 추천합니다. OOO님께서 마케팅에서도 제품을 넘어 고객의 모든 감각을 만족시키는 풍부한 경험을 소통하는 데 집중하시는 모습과 이 조화가 당신과 닮아있어요.
,,,5,Blue Hawaii,"블루 하와이는 파인애플과 레몬의 상큼달콤한 맛과 럼, 블루 큐라소의 풍미가 어우러진, 도수가 낮아 부담 없이 즐길 수 있는 열대 칵테일입니다.",칵테일 / blue,,5,red,Harmony Seeker,"서로 다른 요소를 균형 있게 조화시켜, 모두가 만족할 수 있는 안정적인 솔루션을 제시하는 마케터.",Grapefruit Blossom,고르곤졸라 피자,#밸런스 #조화 #안정성,,OOO님은 상반되는 요소들 속에서 최적의 밸런스를 찾아내어 조화를 이뤄내는 탁월한 능력을 지향하시는군요! '모든 것은 균형 속에서 가장 빛난다'는 철학을 가지신 분입니다.,상반되는 요소들 속에서 최적의 밸런스를 찾아내어 조화를 이뤄내는 탁월한 능력을 지향하시는 OOO님께 자몽의 쌉쌀함이 블루베리의 단맛과 크림치즈의 부드러움을 조화롭게 감싸는 이 조합을 추천합니다. OOO님은 마케팅에서도 다양한 소비자 니즈 사이에서 섬세한 균형점을 찾아내어 모두를 만족시키는 안정성 있는 전략을 구사하시기에 이 조화가 당신과 닮아있습니다.
,,,6,Blue Summer Cooler,청포도의 산뜻한 달콤함과 라임주스와 블루큐라소의 시트러스한 향이 어우러진 탄산의 청량함을 가진 목테일,목테일 / blue,,6,red,Curious Explorer,"익숙함 속에서도 새로운 재미를 찾아내고, 고객의 호기심을 자극하며 다양성을 즐기는 마케터.",Grapefruit Blossom,와사비 젤리 허브 연어,#영감 #도전 #다양성,,"OOO님은 친숙함 속에서 새로운 흥미를 유발하는, 영감 어린 도전을 즐겨 찾으시며 다양성을 추구하는 삶의 가치를 지향하시는군요! '예측 불가능한 즐거움에서 새로운 영감을 얻는다'는 개척자의 면모가 돋보입니다.",친숙함 속에서 새로운 흥미를 유발하는 영감 어린 도전을 즐겨 찾으시는 OOO님께 자몽의 상큼함이 와사비의 알싸함을 만나 연어의 풍미를 돋우는 '예측 불허의 조화'를 만드는 이 조합을 추천합니다. OOO님은 마케팅에서도 고객의 호기심을 자극하고 다양성 있는 매력을 지속적으로 발산하는 데 능숙하신 분이시기에 이 조화가 당신과 닮아있습니다.
,,,7,Green Mirage,핸드릭스 진의 은은한 허브향과 멜론 리큐르의 달콤함이 어우러져 토닉워터의 청량감을 더한 칵테일,칵테일 / green,,7,yellow,Positive Giver,"고객의 삶에 긍정적인 에너지와 영감을 불어넣으며, 좋은 라이프스타일을 자연스럽게 제안하는 마케터.",Fuzzy Navel ,아보카도 리코타 치즈 토스트,#소통 #효율성 #안정성,,"OOO님은 고객의 일상에 긍정적인 가치를 더하는 것에 큰 보람을 느끼시며, 이를 친근하게 소통하고 효율적으로 전달하는 삶의 가치를 지향하시는군요! '모두가 함께 즐거워야 진정한 행복이다'라는 따뜻한 신념이 느껴집니다.",고객의 일상에 긍정적인 가치를 더하는 것에 큰 보람을 느끼시며 이를 친근하게 소통하시는 OOO님께 낮은 도수의 칵테일과 건강한 브런치 조합으로 '건강한 즐거움'을 효율적으로 제안하는 이 조합을 추천합니다. OOO님은 마케팅에서도 고객의 건강하고 행복한 라이프스타일을 지원하는 제품이나 서비스를 선호하고 안정성 있는 가치를 효과적으로 전달하시기에 이 조화가 당신과 닮아있습니다.
,,,8,Mojito,민트의 향긋함과 라임의 산미가 어우러진 달콤하고 청량한 목테일,목테일 / green,,8,yellow,Cozy Connector,"일상의 작은 행복을 소중히 여기고, 섬세한 감성으로 고객의 마음에 공감하며 편안함을 주는 마케터.",Fuzzy Navel,고르곤졸라 피자,#조화 #섬세함 #아우름,,OOO님은 일상 속의 작은 행복과 소소한 기쁨을 소중히 여기며 조화로운 감성으로 주변을 아우름으로써 편안함을 주는 삶의 가치를 지향하시는군요! '소박한 즐거움이 주는 큰 위로'를 아는 분이십니다.,일상 속의 작은 행복과 소소한 기쁨을 소중히 여기는 조화로운 감성을 지향하시는 OOO님께 퍼지 네이블의 부드러움과 베이글의 포근함이 '나른한 오후의 완벽한 휴식'을 선사하는 이 조합을 추천합니다. OOO님은 마케팅에서도 고객의 평범한 일상에 '소확행'의 순간을 섬세하게 아우름으로써 마음을 움직이시는 분이시기에 이 조화가 당신과 닮아있어요.
,,푸드,1,코랄 소스의 랍스터 테일,"고급스럽고 진한 풍미가 칵테일의 상쾌함과 대조되어,
강렬한 존재감과 리더의 주도적인 에너지를 표현합니다. ",red,,9,yellow,Broad-Minded Balancer,"다양한 취향을 가진 모든 고객을 아우르며, 폭넓은 시야로 시장의 균형을 잡아가는 마케터.",Fuzzy Navel,와사비 젤리 허브 연어,#다양성 #아우름 #균형,,"OOO님은 다양성을 존중하고, 열린 마음으로 새로운 시도를 환영하며 모든 취향을 아우름으로써 균형을 이뤄내는 유연한 사고를 지향하시는군요! '모두가 함께 어우러지는 조화'를 중요하게 생각하는 분이십니다.",다양성을 존중하고 열린 마음으로 새로운 시도를 환영하며 모든 취향을 아우름으로써 균형을 이뤄내는 유연한 사고를 지향하시는 OOO님께 부드러운 칵테일과 독특한 연어 조합으로 '편안함 속의 새로운 맛 탐험'을 보여주는 이 조합을 추천합니다. OOO님은 마케팅에서도 다양한 취향을 가진 고객들을 포용하며 그들의 니즈에 맞춰 끊임없이 변화를 시도하시는 분이시기에 이 조화가 당신과 닮아있습니다.
,,,2,"구워 먹는 치즈, 라즈베리 쨈","고소한 치즈와 새콤달콤한 잼의 조합이
칵테일의 과일향과 어우러져,
감각적이고 매혹적인 페어링을 완성합니다.",red,,10,yellow,Essentialist Marketer,"핵심에 집중하여, 과학적이고 실용적인 방식으로 모두에게 만족스러운 결과를 내는 마케터.",Surbin Burst,로스트 비프 토스트,#효율성 #조화 #균형,,"OOO님은 형식적인 것보다 제품의 본질적인 기능과 가치에 집중하며, 건강하고 합리적인 삶을 추구하는 실용적인 삶의 가치를 지향하시는군요! '겉치레 없이 핵심으로 승부한다'는 신념이 엿보입니다.","OOO님께, 알코올 없이도 충분히 즐길 수 있는 Surbin Burst와 건강한 치킨 시저 샐러드 조합을 추천합니다. OOO님은 일에서도 본질에 충실하며, 성별이나 취향에 구애받지 않고 누구나 합리적으로 만족할 수 있는 가치를 제공하십니다. 이처럼 겉치레보다 실질적인 건강과 만족을 중시하는 당신의 철학과 이 조화가 당신과 닮아있습니다."
,,,3,파가든 브리오쉬 한우 버거,"촉촉한 브리오쉬와 고소한 한우 패티가 과일 중심 칵테일과 대비되며,
균형 잡힌 활력 있는 에너지를 표현합니다.",yellow,,11,yellow,Creative Explorer ,"틀에 얽매이지 않고 자유로운 시도로, 예상치 못한 즐거움을 고객에게 선사하는 마케터.",Surbin Burst,"구워 먹는 치즈, 라즈베리 쨈",#도전 #열정 #영감,,OOO님은 예상치 못한 조합으로 고객에게 놀라움과 즐거움을 선사하는 도전을 즐기시며 그 속에서 새로운 영감과 열정을 찾는 삶의 가치를 지향하시는군요! '평범함 속에 숨겨진 특별함을 발굴하는' 창의적인 분이십니다.,예상치 못한 조합으로 고객에게 놀라움과 즐거움을 선사하는 도전을 즐기시는 OOO님께 치즈와 잼이라는 흥미로운 간식에 목테일을 더해 '색다른 미식 경험'을 제안하는 이 조합을 추천합니다. OOO님은 마케팅에서도 평범함 속에 숨겨진 특별함을 발굴하여 고객에게 잊을 수 없는 순간을 선물하는 데 열정과 영감을 쏟으시는 분이시기에 이 조화가 당신과 닮아있습니다.
,,,4,망고 크림 새우,"부드럽고 달콤한 망고 크림이 열대 과일 베이스 칵테일과 연결되며,
에너지 넘치고 유쾌한 분위기를 극대화합니다.",yellow,,12,yellow,Universal Pleaser,"합리적이고 포괄적인 시야로, 다양한 고객층을 아우르며 모두에게 만족을 주는 마케터.",Surbin Burst,망고 크림 새우,#효율성 #넓은시야 #다양성,,OOO님은 다양한 상황과 고객층에게 두루 어필할 수 있는 효율적 전략을 중요하게 생각하시며 넓은시야로 다양성을 추구하는 삶의 가치를 지향하시는군요! '모든 이에게 즐거움을 선사하는 범용성'을 중요하게 생각하는 분이십니다.,다양한 상황과 고객층에게 두루 어필할 수 있는 효율적 전략을 중요하게 생각하시는 OOO님께 과일향이 풍부한 목테일이 달콤한 새우 요리와 만나 '모두가 함께 즐길 수 있는' 매력을 발산하는 이 조합을 추천합니다. OOO님은 마케팅에서도 제품의 범용성을 극대화하여 넓은시야로 더 넓은 시장으로 확장하며 다양성을 추구하시기에 이 조화가 당신과 닮아있습니다.
,,,5,와사비 젤리 허브 연어,"블루 큐라소 시럽과 와사비 청포도로 만든 젤리와 연어
알싸한 와사비와 신선한 연어가 시원한 칵테일과 어우러져,
세련되고 날카로운 감각을 전해줍니다.",blue,,13,blue,Visual Impactor,"시각적인 아름다움과 대담한 시도로 고객에게 영감을 불어넣어, 예술적인 경험을 선사하는 마케터.",Blue Hawaii,와사비 젤리 허브 연어,#열정 #영감 #소통,,OOO님은 예술적인 감각으로 시선을 압도하고 그 속에 의미를 담아내는 것에 대한 열정을 통해 새로운 영감을 창조하고 이를 소통하는 삶의 가치를 지향하시는군요! '아름다움을 통해 감동을 선사하는' 예술가적 면모가 돋보입니다.,예술적인 감각으로 시선을 압도하고 그 속에 의미를 담아내는 것에 대한 열정이 탁월하신 OOO님께 블루 하와이의 푸른색과 연어의 선홍색이 만나 '강렬한 색의 대비'를 이루며 이국적인 분위기를 연출하는 이 조합을 추천합니다. OOO님은 마케팅에서도 영감 어린 '시각적 스토리텔링'을 통해 고객의 감성을 자극하고 브랜드에 대한 호기심을 소통하며 유발하시기에 이 조화가 당신과 닮아있습니다.
,,,6,고르곤졸라 피자,"톡 쏘는 매력의 블루치즈와 달콤한 꿀이 만난 '단짠' 피자.
푸른 고르곤졸라의 짭짤한 풍미가 꿀의 달콤함과 어우러져 입안 가득 깊은 인상을 남깁니다.",blue,,14,blue,Premium Visionary,"최고의 가치를 제공하며, 고객에게 잊을 수 없는 경험을 선사하고 압도적인 성과를 이끄는 마케터.",Blue Hawaii,코랄 소스의 랍스터 테일,#리더십 #성과 #넓은시야,,OOO님은 최고의 가치를 제공하여 고객에게 잊을 수 없는 경험을 선사하는 것에 대한 리더십이 강하시며 넓은시야로 궁극적인 성과를 추구하는 삶의 가치를 지향하시는군요! '최고의 경험을 통해 고객의 꿈을 실현시키는' 비전이 느껴집니다.,최고의 가치를 제공하여 고객에게 잊을 수 없는 경험을 선사하는 것에 대한 리더십이 강하신 OOO님께 푸른 칵테일과 랍스터의 조합이 마치 '휴양지의 최고급 다이닝'을 연상시키는 이 조합을 추천합니다. OOO님은 마케팅에서도 프리미엄 이미지를 구축하고 넓은시야로 고객에게 '꿈같은 순간'을 제공하며 궁극적인 성과를 추구하시기에 이 조화가 당신과 닮아있습니다.
,,,7,아보카도 리코타 치즈 토스트,"부드럽고 고소한 맛이 칵테일의 상큼한 산미와 조화를 이루며,
건강하고 자연 친화적인 페어링을 완성합니다.",green,,15,blue,Everyday Dreamer ,"일상 속에 로맨틱한 영감을 불어넣어, 평범한 순간을 특별한 즐거움으로 바꾸는 마케터.",Blue Hawaii,아보카도 리코타 치즈 토스트,#소통 #조화 #영감,,OOO님은 일상 속에 작은 일탈과 특별함을 불어넣는 로맨틱한 감성을 지향하시며 이를 소통하고 조화롭게 영감을 주는 삶의 가치를 추구하시는군요! '매일매일이 특별한 휴가처럼 느껴지게 하는' 마법 같은 분이십니다.,일상 속에 작은 일탈과 특별함을 불어넣는 로맨틱한 감성을 지향하시는 OOO님께 평범한 브런치에 블루 하와이의 이국적인 매력을 더해 '매일매일이 특별한 휴가처럼 느껴지게 하는' 이 조합을 추천합니다. OOO님은 마케팅에서도 고객의 일상에 신선한 영감을 불어넣고 제품을 통해 '새로운 설렘'을 소통하고 조화롭게 선사하시기에 이 조화가 당신과 닮아있습니다.
,,,8,로스트 비프 토스트,"부드러운 로스트 비프를 감싸는 싱그러운 식감의 조화.
풍부한 육즙 사이로 번지는 향긋한 그린 허브의 풍미가 입맛을 산뜻하게 돋우어 줍니다.",green,,16,blue,Serene Provider,"직관적이고 친근한 방식으로, 편안하고 안정적인 균형을 추구하는 마케터.",Blue Summer Cooler,고르곤졸라 피자,#효율성 #안정성 #액티브,,OOO님은 핵심을 꿰뚫는 통찰력으로 불필요한 것을 덜어내고 본질에 집중하여 효율성을 극대화하는 가치를 지향하시는군요! '복잡함 속에서도 명확함을 찾는' 지혜가 돋보이며 액티브하고 안정성 있는 삶을 추구합니다.,고객이 쉽게 이해하고 즐길 수 있는 직관적이고 친근한 경험을 제공하고자 하시는 OOO님께 시트러스한 쿨러와 베이글의 조합이 '누구나 좋아하는 산뜻하고 액티브한 브런치'를 연상시키는 이 조합을 추천합니다. OOO님은 마케팅에서도 제품의 핵심 가치를 직관적으로 전달하여 고객의 접근성을 높이고 효율성 있는 안정성을 추구하는 전략을 선호하시기에 이 조화가 당신과 닮아있습니다.
,,,,,,,,17,blue,Subtle Balancer,"가벼움 속에 깊이를 담아내는 섬세함으로, 효율적이면서도 만족스러운 경험을 조화롭게 제공하는 마케터.",Blue Summer Cooler,로스트 비프 토스트,#효율성 #조화 #균형,,OOO님은 가벼움 속에 깊이를 담아내는 섬세함을 지니시며 효율적이고 조화로운 균형을 삶에서 추구하시는군요! '부담 없이 즐기면서도 만족감을 놓치지 않는' 현명한 분이십니다.,OOO님은 가벼움 속에 깊이를 담아내는 섬세함을 지니신 OOO님께 가벼운 샐러드와 청량한 쿨러가 만나 '부담 없지만 만족스러운' 한 끼를 완성하는 이 조합을 추천합니다. OOO님은 마케팅에서도 제품의 본질적 가치를 유지하면서도 고객에게 편안하고 유쾌한 경험을 효율적으로 제공하며 조화와 균형을 이뤄내시기 때문입니다.
,,,,,,,,18,blue,Choice Creator,"합리적이고 포괄적인 시야로, 다양한 고객층을 아우르며 모두에게 만족을 주는 마케터.",Blue Summer Cooler,"구워 먹는 치즈, 라즈베리 쨈",#전략적 #효율성 #다양성,,"OOO님은 제품의 여러 가능성을 다양하고 전략적으로 확장하여, 이를 전략적으로 효율성 있게 구현하는 삶의 가치를 지향하시는군요! '하나의 제품으로 무한한 가치를 창출하는' 뛰어난 기획자적 면모가 돋보입니다.","OOO님께, 단짠 조합의 구운 치즈와 잼에 청량한 쿨러가 더해져 간식 시간의 새로운 즐거움을 선사하는 이 조합을 추천합니다. 이 페어링은 단순한 재료들을 활용하여 고객에게 예상치 못한 다양하고 효율적이며 전략적인 즐거움을 제공합니다. 이는 제품의 기능적 한계를 넘어, 다양한 상황에서의 활용 가치를 발굴하여 고객에게 더 많은 선택지를 선사하고자 하는 당신의 철학과 이 조화가 당신과 닮아있습니다."
,,,,,,,,19,green,Holistic Giver,"아름다움과 건강, 즐거움이 조화롭게 공존하는 가치를 추구하며, 섬세한 감각으로 고객에게 영감을 주는 마케터.",Green Mirage,"구워 먹는 치즈, 라즈베리 쨈",#조화 #섬세함 #영감,,OOO님은 아름다움과 건강 그리고 즐거움이 조화롭게 공존하는 가치를 추구하시며 섬세함과 영감을 통해 이를 구현하는 삶의 가치를 지향하시는군요! '자연에서 얻은 지혜로 품격을 높인다'는 철학이 느껴집니다.,아름다움과 건강 그리고 즐거움이 조화롭게 공존하는 가치를 추구하시는 OOO님께 복분자 향이 어우러진 칵테일과 치즈잼 조합으로 '건강하면서도 섬세하고 감각적인 간식'을 제안하는 이 조합을 추천합니다. OOO님은 마케팅에서도 제품의 미학적 측면과 건강적 측면을 동시에 강조하여 고객에게 영감을 주고 다층적인 니즈를 충족시키시기 때문에 이 조화가 당신과 닮아있습니다.
,,,,,,,,20,green,Wellness Guide,"강렬함 속에서도 조화와 균형을 잃지 않는 지혜로, 섬세한 조율을 통해 시장을 리더십 있게 이끄는 마케터.",Green Mirage,파가든 브리오쉬 한우 버거,#전략적 #안정성 #액티브,,OOO님은 강렬함 속에서도 조화와 균형을 잃지 않는 지혜를 지니시며 이를 통해 리더십을 발휘하는 삶의 가치를 지향하시는군요! '강함과 부드러움의 완벽한 조화'를 추구하는 분이십니다.,강렬함 속에서도 조화와 균형을 잃지 않는 지혜를 지니신 OOO님께 풍부한 한우 버거에 에메랄드 가든의 산뜻함이 더해져 '의외의 균형미'를 보여주는 이 조합을 추천합니다. OOO님은 마케팅에서도 강력한 메시지 속에서 브랜드의 핵심 가치를 섬세하게 조율하여 전달하며 시장을 리더십 있게 이끌어 나가시는 분이시기에 이 조화가 당신과 닮아있습니다.
,,,,,,,,21,green,Balanced Leader,"바쁜 현대인에게 건강과 여유를 찾을 수 있는 전략적인 솔루션을 제시하며, 안정적이고 활동적인 라이프스타일을 안내하는 마케터.",Green Mirage,로스트 비프 토스트,#조화 #균형 #리더십,,OOO님은 바쁜 현대인의 삶 속에서 건강과 여유를 찾을 수 있는 전략적 솔루션을 제공하고자 하시며 안정성 있고 액티브한 라이프스타일을 지향하시는군요! '웰빙을 통해 삶의 질을 높이는' 현명한 분이십니다.,바쁜 현대인의 삶 속에서 건강과 여유를 찾을 수 있는 전략적 솔루션을 제공하고자 하시며 안정성 있고 액티브한 라이프스타일을 지향하시는 OOO님께 신선한 샐러드와 에메랄드 가든의 조합이 '도시 속 액티브한 오아시스 같은 한 끼'를 선사하는 이 조합을 추천합니다. OOO님은 마케팅에서도 고객의 삶의 질을 높이는 '라이프스타일 제안자'로서의 역할을 수행하며 안정성 있는 가치를 전달하시기에 이 조화가 당신과 닮아있습니다.
,,,,,,,,22,green,Inclusive Connector,"대중적 접근성으로 모두를 만족시키며, 보편적인 즐거움 속에서 진정한 특별함을 찾아내는 마케터.",Mojito,파가든 브리오쉬 한우 버거,#소통 #안정성 #아우름,,OOO님은 대중적인 접근성을 바탕으로 모두가 만족할 수 있는 소통 지향적 경험을 제공하고자 하시며 안정성 있게 모든 이를 아우름으로써 즐거움을 주는 삶의 가치를 지향하시는군요! '모두를 위한 즐거움 속에서 진정한 특별함을 찾는다'는 철학이 엿보입니다.,"대중적인 접근성을 바탕으로, 모두가 만족할 수 있는 소통 지향적 경험'을 제공하고자 하시는 OOO님께, 모히또와 버거의 조합이 '누구나 즐겁게 즐길 수 있는 캐주얼 다이닝'을 연출하는 이 조합을 추천합니다. OOO님은 마케팅에서도 폭넓은 고객층을 아우름으로써 보편적인 매력을 찾아내고, 이를 안정성 있게 효과적으로 소통하시기에, 이 조화가 당신과 닮아있습니다."
,,,,,,,,23,green,Accessible Innovator,"친숙함 속에서도 고급스럽고 특별한 경험을 전략적으로 창출하며, 대중성과 프리미엄의 완벽한 조화를 추구하는 마케터.",Mojito,코랄 소스의 랍스터 테일,#전략적 #성과 #넓은시야,,OOO님은 친숙함 속에서도 충분히 고급스럽고 특별한 경험을 전략적으로 창출할 수 있다고 믿으시며 넓은시야로 궁극적인 성과를 만들어내는 삶의 가치를 지향하시는군요! '대중성과 프리미엄의 완벽한 조화'를 추구하는 분이십니다.,친숙함 속에서도 충분히 고급스럽고 특별한 경험을 전략적으로 창출할 수 있다고 믿으시는 OOO님께 대중적인 모히또를 랍스터와 페어링하여 '편하게 접할 수 있는 럭셔리'를 함의하는 이 조합을 추천합니다. OOO님은 마케팅에서도 제품의 대중성을 유지하면서도 넓은시야로 프리미엄 가치를 함께 전달하며 성과를 만들어내는 전략을 구사하시기에 이 조화가 당신과 닮아있습니다.
,,,,,,,,24,green,Global Explorer,"글로벌 트렌드를 빠르게 흡수하고 자신만의 방식으로 재해석하며, 다양성을 통해 시장을 리더십 있게 선도하는 마케터.",Mojito,망고 크림 새우,#도전 #리더십 #다양성,,OOO님은 글로벌 트렌드를 빠르게 흡수하고 이를 자신만의 방식으로 재해석하여 적용하는 도전적 유연성을 지니시며 다양성을 통해 시장을 리더십 있게 선도하는 삶의 가치를 지향하시는군요! '세계를 무대로 새로운 맛을 창조하는' 글로벌 리더의 면모가 돋보입니다.,"글로벌 트렌드를 빠르게 흡수하고, 이를 자신만의 방식으로 재해석하여 적용하는 도전적 유연성을 지니신 OOO님께, 모히또의 시원함과 망고 크림 새우의 열대적 풍미가 만나 '전 세계인의 입맛을 사로잡을' 조합을 추천합니다. OOO님은 마케팅에서도 글로벌 시장의 흐름을 읽고, 이를 국내 시장에 최적화된 형태로 구현하며 다양성을 통해 시장을 리더십 있게 선도하시는 분이시기에, 이 조화가 당신과 닮아있습니다."